{
    "total_runtime": 147.1581244468689,
    "num_documents": 7,
    "input_load_time": 0,
    "workflows": {
        "create_base_text_units": {
            "overall": 0.5679996013641357,
            "0_orderby": 0.008004188537597656,
            "1_zip": 0.009996891021728516,
            "2_aggregate_override": 0.011997461318969727,
            "3_chunk": 0.4309999942779541,
            "4_select": 0.011008262634277344,
            "5_unroll": 0.013001680374145508,
            "6_rename": 0.011002063751220703,
            "7_genid": 0.011994600296020508,
            "8_unzip": 0.011999845504760742,
            "9_copy": 0.01000070571899414,
            "10_filter": 0.03099799156188965
        },
        "create_base_extracted_entities": {
            "overall": 146.05811953544617,
            "0_entity_extract": 146.01612281799316,
            "1_merge_graphs": 0.030997514724731445
        }
    }
}