{
    "total_runtime": 0.6910042762756348,
    "num_documents": 7,
    "input_load_time": 0,
    "workflows": {
        "create_base_text_units": {
            "overall": 0.49399566650390625,
            "0_orderby": 0.007003307342529297,
            "1_zip": 0.008004426956176758,
            "2_aggregate_override": 0.01199197769165039,
            "3_chunk": 0.339003324508667,
            "4_select": 0.01399850845336914,
            "5_unroll": 0.01300501823425293,
            "6_rename": 0.009999752044677734,
            "7_genid": 0.0169985294342041,
            "8_unzip": 0.012995243072509766,
            "9_copy": 0.014003753662109375,
            "10_filter": 0.043000221252441406
        }
    }
}